# Source: OSRS Wiki List_of_banks, fetched 2026-05-24, 125 rows
# x1 y1 x2 y2 plane	name
2983 2266 2987 2270 0	The Onyx Crest Chest Bank
2192 2312 2196 2316 0	Sunbleak Island Chest Bank
2653 2385 2657 2389 0	Charred Island Chest Bank
3178 2416 3186 2422 0	The Great Conch Bank
2807 2519 2811 2523 0	Red Rock Chest Bank
2278 2542 2282 2546 0	Bank Boat Bank
2663 2649 2671 2657 0	Void Knights' Outpost Bank
3335 2715 3355 2735 0	Tombs Of Amascut Bank
1934 2752 1938 2756 0	Deepfin Point Chest Bank
2778 2781 2784 2787 0	Ape Atoll Bank
3305 2792 3319 2806 0	Sophanem Bank
3154 2835 3158 2839 0	Unkah Chest Bank
1378 2863 1386 2869 0	Mistrock Bank
2568 2863 2573 2868 0	Corsair Cove Bank
3422 2886 3432 2896 0	Nardah Bank
1396 2923 1403 2931 0	Aldarin Bank
2842 2945 2862 2965 0	Shilo Village Bank
3677 2978 3685 2986 0	Mos Le’Harmless Bank
3037 2998 3041 3002 0	The Pandemonium Bank Crab Bank
3808 3018 3812 3022 0	Trouble Brewing Chest Bank
1539 3037 1545 3043 0	Hunter Guild Bank
2442 3079 2448 3085 0	Castle Wars Lobby Chest Bank
2606 3086 2620 3100 0	Yanille Bank
1775 3091 1785 3101 0	Fortis East Bank
2780 3092 2784 3096 0	Rionasta Bank
1643 3113 1653 3123 0	Fortis West Bank
3113 3115 3131 3133 0	Tutorial Island Bank
1240 3117 1249 3126 0	Tal Teklan Bank
3306 3117 3310 3121 0	Shantay Pass Bank
2347 3157 2357 3167 0	Lletya Bank
2659 3158 2665 3164 0	Port Khazard Chest Bank
3261 3159 3277 3175 0	Al Kharid Bank
3648 3204 3654 3208 0	Ver Sinhaza Bank
3490 3205 3502 3217 0	Burgh De Rott Bank
3218 3216 3224 3222 0	Lumbridge PvP Chest Bank
1517 3226 1523 3232 0	Quetzacalli Gorge Bank
3043 3232 3047 3236 0	Port Sarimdeposit Box Bank
3087 3238 3099 3250 0	Draynor Bank
3379 3265 3389 3275 0	Emir's Arena Bank
2644 3275 2662 3293 0	Ardougne South Bank
2934 3278 2938 3282 0	Crafting Guild Chest Bank
1524 3291 1528 3295 0	The Darkfrost Bank
1385 3309 1389 3313 0	Nemus Retreat Bank
1880 3312 1886 3320 0	Port Roberts Bank
2610 3326 2624 3340 0	Ardougne North Bank
2967 3339 2973 3345 0	Falador PvP Chest Bank
3007 3349 3023 3365 0	Falador East Bank
1413 3350 1420 3357 0	Auburnvale Bank
3592 3356 3612 3376 0	Darkmeyer Bank
2937 3358 2955 3376 0	Falador West Bank
2578 3406 2598 3426 0	Fishing Guild Bank
2200 3407 2204 3411 0	Gwenithdeposit Box Bank
1503 3411 1523 3431 0	Land's End Chest Bank
3246 3413 3262 3429 0	Varrock East Bank
2441 3419 2451 3429 0	Gnome Stronghold South Bank
3176 3432 3194 3450 0	Varrock West Bank
2805 3437 2815 3447 0	Catherby Bank
3146 3446 3150 3450 0	Cook's Guild Bank
3683 3459 3701 3477 0	Port Phasmatys Bank
1713 3460 1721 3468 0	Charcoal Camp Chest Bank
3091 3466 3097 3472 0	Edgeville PvP Chest Bank
3506 3472 3518 3484 0	Canifis Bank
1589 3475 1594 3481 0	Woodcutting Guild Chest Bank
2754 3475 2760 3481 0	Camelot PvP Chest Bank
3155 3480 3175 3500 0	Grand Exchange Bank
2718 3485 2732 3499 0	Seers’ Village Bank
3087 3486 3103 3502 0	Edgeville Bank
1700 3525 1704 3529 0	Saltpetre Minedeposit Box Bank
2839 3539 2847 3547 0	Warriors’ Guild Bank
1807 3565 1811 3569 0	Vinery Chest Bank
1252 3570 1257 3574 0	Mount Quidamortem Bank
2535 3572 2539 3576 0	Barbarian Outpost Chest Bank
1481 3587 1493 3599 0	Shayzien Bank
1742 3593 1754 3605 0	Hosidius Bank
1674 3614 1678 3618 0	Hosidius Kitchen Chest Bank
3126 3625 3134 3633 0	Ferox Enclave Mercenary Bank
3128 3630 3132 3634 0	Ferox Enclave Bank
1483 3644 1487 3648 0	Shayzien Encampment Bank Chest Bank
2632 3666 2636 3670 0	Peer The Seer Bank
2095 3685 2099 3689 0	Buccaneers' Haven Chest Bank
2325 3685 2335 3695 0	Piscatoris Bank
1516 3729 1536 3749 0	Lovakengj Bank
1620 3735 1640 3755 0	Arceuus Bank
1251 3740 1255 3744 0	Farming Guild Chest Bank
1246 3759 1252 3763 0	Farming Guild Bank
1793 3778 1813 3798 0	Port Piscarilius Bank
2413 3797 2421 3805 0	Jatizso Bank
3739 3802 3743 3807 0	Fossil Island Bank
2333 3803 2341 3811 0	Neitiznot Bank
3817 3807 3821 3811 0	Volcanic Mine Chest Bank
1430 3821 1446 3837 0	Lovakengj Mine Bank
1321 3822 1328 3827 0	Mount Karuulm Chest Bank
1479 3854 1499 3874 0	Blast Mine Chests Bank
1453 3858 1457 3862 0	Sulphur Mine Chest Bank
2617 3892 2623 3898 0	Etceteria Bank
3770 3896 3774 3900 0	Bank Chest-wreck Bank
2095 3913 2107 3925 0	Lunar Isle Bank
1638 3942 1642 3947 0	Wintertodt Chest Bank
3087 3953 3093 3959 0	Mage Arena Bank
3416 4054 3436 4074 0	Daimon's Crater Chests Bank
1925 5002 1929 5006 0	Mausoleum Bank
3544 5152 3548 5156 0	Deposit Pot Bank
3331 5193 3335 5197 0	Chambers Of Xeric Lobby Chest Bank
3301 5197 3305 5201 0	Chambers Of Xeric Lobby Chest Bank
3276 5199 3280 5203 0	Chambers Of Xeric Lobby Chest Bank
2902 5203 2906 5207 0	Ancient Prison Bank
1744 5472 1752 5480 0	Clan Hall Bank
1742 5473 1746 5477 0	Clan Halldeposit Box Bank
2976 5797 2980 5801 0	Camdozaal Chest Bank
2188 6225 2192 6229 0	Nutcracker Chest Bank
2009 9183 2013 9187 0	Deepfin Mine Western Chest Bank
2091 9195 2095 9199 0	Deepfin Mine Eastern Chest Bank
1397 9311 1401 9315 0	Alchemical Society Chest Bank
3609 9463 3629 9483 0	Guardians Of The Rift Chest Bank
3608 9486 3610 9488 0	Deposit Pool Bank
1803 9499 1807 9503 0	Fortis Colosseum Chest Bank
1452 9564 1460 9572 0	Cam Torum Bank
3306 12441 3310 12445 0	Trahaearnmine Cart Bank
2461 2846 2465 2850 1	Myths' Guild Chest Bank
3365 3316 3369 3320 1	Mage Training Arena Chest Bank
2435 3476 2453 3494 1	Gnome Stronghold North Bank
3037 6128 3039 6130 1	Gauntletdeposit Box Bank
3204 3214 3214 3224 2	Lumbridge Castle Bank
2728 3374 2738 3384 2	Legends' Guild Bank
1608 3678 1616 3686 2	Kourend Castle Bank
